{
  "0.1.0": "1.5.0",
  "0.1.1": "1.5.0",
  "0.1.2": "1.5.0",
  "0.1.3": "1.5.0",
  "0.1.4": "1.5.0",
  "0.1.5": "1.5.0",
  "0.1.6": "1.5.0",
  "0.1.7": "1.5.0",
  "0.1.8": "1.5.0",
  "0.2.0": "1.5.0",
  "0.2.1": "1.5.0",
  "0.2.2": "1.5.0",
  "0.2.3": "1.5.0",
  "0.2.4": "1.5.0",
  "0.2.5": "1.5.0",
  "0.3.0": "1.5.0",
  "0.3.1": "1.5.0",
  "0.3.2": "1.5.0",
  "0.3.3": "1.5.0",
  "0.3.4": "1.5.0",
  "0.4.0": "1.5.0",
  "0.4.1": "1.5.0",
  "0.4.2": "1.5.0",
  "0.4.3": "1.5.0",
  "0.4.4": "1.5.0",
  "0.4.5": "1.5.0"
}
